Word,Frequency,Percentage
heartred,396,4.075331892559432
face,336,3.45785736338376
heart,315,3.2417412781722756
song,206,2.119995883503139
love,204,2.099413399197283
red,140,1.4407739014099001
zayne,128,1.317278995574766
sylus,127,1.306987753421838
smiling,101,1.0394154574457137
story,101,1.0394154574457137
main,94,0.9673767623752186
crying,92,0.946794278069363
heartgrowing,79,0.8130081300813009
beautiful,78,0.802716887928373
omg,73,0.7512606771637337
thank,68,0.6998044663990944
please,68,0.6998044663990944
barbie,62,0.6380570134815272
yes,61,0.6277657713285993
spotify,57,0.5866008027168879
good,57,0.5866008027168879
update,53,0.5454358341051765
back,53,0.5454358341051765
hearteyessmiling,51,0.5248533497993207
infold,46,0.4733971390346815
tears,45,0.46310589688175363
holding,44,0.45281465472882576
heartsparkling,43,0.4425234125758979
finally,41,0.42194092827004215
game,40,0.4116496861171143
vibes,40,0.4116496861171143
loudly,38,0.39106720181125865
need,36,0.3704847175054029
hearteyes,36,0.3704847175054029
new,34,0.3499022331995472
cant,34,0.3499022331995472
two,33,0.33961099104661935
blue,33,0.33961099104661935
hands,33,0.33961099104661935
god,32,0.3293197488936915
taylor,32,0.3293197488936915
hearts,32,0.3293197488936915
giving,31,0.3190285067407636
open,30,0.30873726458783574
amazing,29,0.29844602243490786
music,29,0.29844602243490786
spring,29,0.29844602243490786
feel,28,0.28815478028198
faceloudly,28,0.28815478028198
excited,27,0.2778635381290522
skin,27,0.2778635381290522
singer,26,0.2675722959761243
know,26,0.2675722959761243
heartssmiling,25,0.2572810538231965
happy,25,0.2572810538231965
voice,24,0.2469898116702686
sounds,23,0.23669856951734075
lets,23,0.23669856951734075
heartlight,23,0.23669856951734075
light,23,0.23669856951734075
looks,22,0.22640732736441288
swift,22,0.22640732736441288
joy,21,0.216116085211485
cool,21,0.216116085211485
lads,21,0.216116085211485
eyes,21,0.216116085211485
gun,20,0.20582484305855714
action,20,0.20582484305855714
eyessmiling,20,0.20582484305855714
want,20,0.20582484305855714
snowcrow,20,0.20582484305855714
hope,19,0.19553360090562932
vibe,19,0.19553360090562932
dawnbreaker,19,0.19553360090562932
put,19,0.19553360090562932
wow,19,0.19553360090562932
got,18,0.18524235875270145
songs,18,0.18524235875270145
feels,18,0.18524235875270145
banner,17,0.1749511165997736
girlies,17,0.1749511165997736
come,17,0.1749511165997736
facered,17,0.1749511165997736
hand,17,0.1749511165997736
mouthface,17,0.1749511165997736
dont,16,0.16465987444684574
hello,16,0.16465987444684574
mouth,16,0.16465987444684574
blossomcherry,16,0.16465987444684574
makes,16,0.16465987444684574
thought,16,0.16465987444684574
thanks,15,0.15436863229391787
reminds,15,0.15436863229391787
disney,15,0.15436863229391787
deepspace,15,0.15436863229391787
ive,15,0.15436863229391787
man,14,0.14407739014099
heartsmiling,14,0.14407739014099
ready,14,0.14407739014099
whole,14,0.14407739014099
event,14,0.14407739014099
listen,14,0.14407739014099
day,13,0.13378614798806215
movie,13,0.13378614798806215
cherry,13,0.13378614798806215
favorite,13,0.13378614798806215
floor,13,0.13378614798806215
boys,13,0.13378614798806215
release,12,0.1234949058351343
beautifulbeautiful,12,0.1234949058351343
youre,12,0.1234949058351343
heartstwo,12,0.1234949058351343
diamond,12,0.1234949058351343
yesss,12,0.1234949058351343
look,12,0.1234949058351343
mains,12,0.1234949058351343
hear,12,0.1234949058351343
actually,12,0.1234949058351343
life,12,0.1234949058351343
car,12,0.1234949058351343
tone,12,0.1234949058351343
listening,12,0.1234949058351343
always,12,0.1234949058351343
right,12,0.1234949058351343
blowing,12,0.1234949058351343
best,12,0.1234949058351343
bgm,12,0.1234949058351343
outfits,11,0.11320366368220644
thats,11,0.11320366368220644
gonna,11,0.11320366368220644
yeah,11,0.11320366368220644
blossom,11,0.11320366368220644
made,11,0.11320366368220644
version,11,0.11320366368220644
making,11,0.11320366368220644
handsfolded,11,0.11320366368220644
caleb,11,0.11320366368220644
princess,11,0.11320366368220644
thinking,11,0.11320366368220644
sparkling,11,0.11320366368220644
fire,11,0.11320366368220644
getting,11,0.11320366368220644
play,11,0.11320366368220644
let,11,0.11320366368220644
rafayel,11,0.11320366368220644
castle,10,0.10291242152927857
xavier,10,0.10291242152927857
wait,10,0.10291242152927857
feeling,10,0.10291242152927857
hot,10,0.10291242152927857
girl,10,0.10291242152927857
add,10,0.10291242152927857
literally,10,0.10291242152927857
tinkerbell,10,0.10291242152927857
believe,10,0.10291242152927857
sooo,10,0.10291242152927857
zaynes,10,0.10291242152927857
damn,10,0.10291242152927857
hearing,10,0.10291242152927857
ost,10,0.10291242152927857
agree,10,0.10291242152927857
thing,10,0.10291242152927857
kissface,10,0.10291242152927857
take,10,0.10291242152927857
gives,10,0.10291242152927857
already,10,0.10291242152927857
grinning,10,0.10291242152927857
going,10,0.10291242152927857
holy,9,0.09262117937635073
lot,9,0.09262117937635073
laughingrolling,9,0.09262117937635073
apple,9,0.09262117937635073
another,9,0.09262117937635073
nostalgic,9,0.09262117937635073
definitely,9,0.09262117937635073
everything,9,0.09262117937635073
badass,9,0.09262117937635073
squinting,9,0.09262117937635073
early,9,0.09262117937635073
opens,9,0.09262117937635073
something,9,0.09262117937635073
theme,9,0.09262117937635073
fireheart,9,0.09262117937635073
sweet,9,0.09262117937635073
keep,9,0.09262117937635073
party,9,0.09262117937635073
clapping,9,0.09262117937635073
favourite,8,0.08232993722342287
side,8,0.08232993722342287
joyface,8,0.08232993722342287
era,8,0.08232993722342287
ever,8,0.08232993722342287
bro,8,0.08232993722342287
didnt,8,0.08232993722342287
perfect,8,0.08232993722342287
singing,8,0.08232993722342287
tho,8,0.08232993722342287
top,8,0.08232993722342287
handsclapping,8,0.08232993722342287
pls,8,0.08232993722342287
screaming,8,0.08232993722342287
fresh,8,0.08232993722342287
masterpiece,8,0.08232993722342287
flower,8,0.08232993722342287
old,8,0.08232993722342287
facetwo,8,0.08232993722342287
waiting,8,0.08232993722342287
dream,8,0.08232993722342287
birthday,7,0.072038695070495
facesparkling,7,0.072038695070495
facesmiling,7,0.072038695070495
give,7,0.072038695070495
feelings,7,0.072038695070495
never,7,0.072038695070495
wedding,7,0.072038695070495
true,7,0.072038695070495
repeat,7,0.072038695070495
miss,7,0.072038695070495
outfit,7,0.072038695070495
heard,7,0.072038695070495
say,7,0.072038695070495
sweat,7,0.072038695070495
popperparty,7,0.072038695070495
home,7,0.072038695070495
banger,7,0.072038695070495
hearteyesred,7,0.072038695070495
husband,7,0.072038695070495
lovely,7,0.072038695070495
husbands,7,0.072038695070495
meet,7,0.072038695070495
still,7,0.072038695070495
woman,7,0.072038695070495
mind,7,0.072038695070495
cute,7,0.072038695070495
pleading,7,0.072038695070495
lol,7,0.072038695070495
great,7,0.072038695070495
ill,7,0.072038695070495
almost,7,0.072038695070495
swifts,7,0.072038695070495
little,7,0.072038695070495
loved,6,0.06174745291756715
probably,6,0.06174745291756715
2000s,6,0.06174745291756715
hell,6,0.06174745291756715
live,6,0.06174745291756715
girlie,6,0.06174745291756715
wish,6,0.06174745291756715
leather,6,0.06174745291756715
immediately,6,0.06174745291756715
soothing,6,0.06174745291756715
heartpurple,6,0.06174745291756715
freaking,6,0.06174745291756715
crazy,6,0.06174745291756715
growing,6,0.06174745291756715
whos,6,0.06174745291756715
cards,6,0.06174745291756715
tearsface,6,0.06174745291756715
refreshing,6,0.06174745291756715
men,6,0.06174745291756715
imagine,6,0.06174745291756715
flowers,6,0.06174745291756715
hes,6,0.06174745291756715
melting,6,0.06174745291756715
exciting,6,0.06174745291756715
cry,6,0.06174745291756715
peeking,6,0.06174745291756715
alive,6,0.06174745291756715
seeing,6,0.06174745291756715
firefirefire,6,0.06174745291756715
pretty,6,0.06174745291756715
lyrics,6,0.06174745291756715
romantic,6,0.06174745291756715
way,6,0.06174745291756715
scene,6,0.06174745291756715
every,6,0.06174745291756715
cooked,5,0.051456210764639285
dropped,5,0.051456210764639285
pleaseeee,5,0.051456210764639285
heartheart,5,0.051456210764639285
walking,5,0.051456210764639285
yessss,5,0.051456210764639285
wanted,5,0.051456210764639285
popper,5,0.051456210764639285
available,5,0.051456210764639285
sorry,5,0.051456210764639285
ahhhhh,5,0.051456210764639285
playing,5,0.051456210764639285
free,5,0.051456210764639285
infinity,5,0.051456210764639285
yess,5,0.051456210764639285
saw,5,0.051456210764639285
wont,5,0.051456210764639285
better,5,0.051456210764639285
find,5,0.051456210764639285
brings,5,0.051456210764639285
folded,5,0.051456210764639285
fine,5,0.051456210764639285
okay,5,0.051456210764639285
long,5,0.051456210764639285
team,5,0.051456210764639285
looking,5,0.051456210764639285
birdblack,5,0.051456210764639285
mouthred,5,0.051456210764639285
soundtrack,5,0.051456210764639285
que,5,0.051456210764639285
happening,5,0.051456210764639285
ngl,5,0.051456210764639285
mcs,5,0.051456210764639285
movies,5,0.051456210764639285
yet,5,0.051456210764639285
everyone,5,0.051456210764639285
facefolded,5,0.051456210764639285
memories,5,0.051456210764639285
wonder,5,0.051456210764639285
firefire,5,0.051456210764639285
wick,5,0.051456210764639285
john,5,0.051456210764639285
head,5,0.051456210764639285
popperred,5,0.051456210764639285
sound,5,0.051456210764639285
world,5,0.051456210764639285
similar,5,0.051456210764639285
winx,5,0.051456210764639285
club,5,0.051456210764639285
songred,5,0.051456210764639285
fast,5,0.051456210764639285
furious,5,0.051456210764639285
real,5,0.051456210764639285
chase,5,0.051456210764639285
daddy,5,0.051456210764639285
full,5,0.051456210764639285
far,5,0.051456210764639285
nice,5,0.051456210764639285
jacket,5,0.051456210764639285
tear,5,0.051456210764639285
many,5,0.051456210764639285
stop,5,0.051456210764639285
guys,5,0.051456210764639285
coming,5,0.051456210764639285
duo,5,0.051456210764639285
lord,5,0.051456210764639285
awesome,5,0.051456210764639285
worth,5,0.051456210764639285
worshipsparkling,5,0.051456210764639285
ahhh,4,0.041164968611711435
place,4,0.041164968611711435
series,4,0.041164968611711435
halosmiling,4,0.041164968611711435
gave,4,0.041164968611711435
epic,4,0.041164968611711435
using,4,0.041164968611711435
gorgeous,4,0.041164968611711435
pulled,4,0.041164968611711435
shine,4,0.041164968611711435
since,4,0.041164968611711435
work,4,0.041164968611711435
enchanted,4,0.041164968611711435
theres,4,0.041164968611711435
loves,4,0.041164968611711435
ikr,4,0.041164968611711435
facepleading,4,0.041164968611711435
high,4,0.041164968611711435
inside,4,0.041164968611711435
wide,4,0.041164968611711435
last,4,0.041164968611711435
content,4,0.041164968611711435
canci√≥n,4,0.041164968611711435
musical,4,0.041164968611711435
laughing,4,0.041164968611711435
capital,4,0.041164968611711435
streaming,4,0.041164968611711435
maybe,4,0.041164968611711435
times,4,0.041164968611711435
bring,4,0.041164968611711435
omgggg,4,0.041164968611711435
must,4,0.041164968611711435
sure,4,0.041164968611711435
peak,4,0.041164968611711435
exactly,4,0.041164968611711435
tearsheart,4,0.041164968611711435
edits,4,0.041164968611711435
wanna,4,0.041164968611711435
sing,4,0.041164968611711435
warm,4,0.041164968611711435
needed,4,0.041164968611711435
raising,4,0.041164968611711435
part,4,0.041164968611711435
lowkey,4,0.041164968611711435
phone,4,0.041164968611711435
64bit,4,0.041164968611711435
someone,4,0.041164968611711435
kiss,4,0.041164968611711435
theyre,4,0.041164968611711435
lis,4,0.041164968611711435
suit,4,0.041164968611711435
save,4,0.041164968611711435
single,4,0.041164968611711435
pleaseeeeee,4,0.041164968611711435
mediumlight,4,0.041164968611711435
quality,4,0.041164968611711435
character,4,0.041164968611711435
read,4,0.041164968611711435
gets,4,0.041164968611711435
male,4,0.041164968611711435
came,4,0.041164968611711435
fed,4,0.041164968611711435
eating,4,0.041164968611711435
addicted,4,0.041164968611711435
glad,4,0.041164968611711435
might,4,0.041164968611711435
inner,4,0.041164968611711435
driving,4,0.041164968611711435
branch,4,0.041164968611711435
fun,4,0.041164968611711435
facepartying,4,0.041164968611711435
crow,4,0.041164968611711435
cannot,4,0.041164968611711435
soon,4,0.041164968611711435
zaddy,4,0.041164968611711435
eyeface,4,0.041164968611711435
surprised,4,0.041164968611711435
tell,4,0.041164968611711435
sooooo,4,0.041164968611711435
lagu,4,0.041164968611711435
heartplace,4,0.041164968611711435
different,3,0.030873726458783574
kinda,3,0.030873726458783574
youll,3,0.030873726458783574
went,3,0.030873726458783574
purple,3,0.030873726458783574
handsraising,3,0.030873726458783574
stream,3,0.030873726458783574
brain,3,0.030873726458783574
album,3,0.030873726458783574
handsred,3,0.030873726458783574
heartsred,3,0.030873726458783574
journey,3,0.030873726458783574
continue,3,0.030873726458783574
trailer,3,0.030873726458783574
person,3,0.030873726458783574
tonered,3,0.030873726458783574
2010,3,0.030873726458783574
year,3,0.030873726458783574
strong,3,0.030873726458783574
rise,3,0.030873726458783574
sunshine,3,0.030873726458783574
fell,3,0.030873726458783574
big,3,0.030873726458783574
line,3,0.030873726458783574
fav,3,0.030873726458783574
faceflushed,3,0.030873726458783574
facegrinning,3,0.030873726458783574
whoever,3,0.030873726458783574
field,3,0.030873726458783574
goooooo,3,0.030873726458783574
firefirefirelight,3,0.030873726458783574
incredible,3,0.030873726458783574
soooo,3,0.030873726458783574
platforms,3,0.030873726458783574
faceface,3,0.030873726458783574
notes,3,0.030873726458783574
hate,3,0.030873726458783574
dev,3,0.030873726458783574
figure,3,0.030873726458783574
diaries,3,0.030873726458783574
bit,3,0.030873726458783574
coded,3,0.030873726458783574
bell,3,0.030873726458783574
tinker,3,0.030873726458783574
vocal,3,0.030873726458783574
shit,3,0.030873726458783574
sharing,3,0.030873726458783574
missed,3,0.030873726458783574
sexy,3,0.030873726458783574
bad,3,0.030873726458783574
away,3,0.030873726458783574
hoping,3,0.030873726458783574
standing,3,0.030873726458783574
second,3,0.030873726458783574
deserve,3,0.030873726458783574
listened,3,0.030873726458783574
beloved,3,0.030873726458783574
insane,3,0.030873726458783574
sings,3,0.030873726458783574
gak,3,0.030873726458783574
country,3,0.030873726458783574
totally,3,0.030873726458783574
felt,3,0.030873726458783574
sang,3,0.030873726458783574
grind,3,0.030873726458783574
wallet,3,0.030873726458783574
done,3,0.030873726458783574
faceheart,3,0.030873726458783574
emotional,3,0.030873726458783574
reminding,3,0.030873726458783574
blessed,3,0.030873726458783574
absolute,3,0.030873726458783574
child,3,0.030873726458783574
eyesred,3,0.030873726458783574
days,3,0.030873726458783574
combat,3,0.030873726458783574
dying,3,0.030873726458783574
meeeee,3,0.030873726458783574
cinema,3,0.030873726458783574
beginning,3,0.030873726458783574
childhood,3,0.030873726458783574
cover,3,0.030873726458783574
fuck,3,0.030873726458783574
end,3,0.030873726458783574
adventure,3,0.030873726458783574
goodred,3,0.030873726458783574
canon,3,0.030873726458783574
healing,3,0.030873726458783574
animations,3,0.030873726458783574
ohhh,3,0.030873726458783574
today,3,0.030873726458783574
nikki,3,0.030873726458783574
perfection,3,0.030873726458783574
tearspink,3,0.030873726458783574
heartblack,3,0.030873726458783574
guitar,3,0.030873726458783574
fits,3,0.030873726458783574
vocalist,3,0.030873726458783574
rolling,3,0.030873726458783574
moly,3,0.030873726458783574
mans,3,0.030873726458783574
reminded,3,0.030873726458783574
telling,3,0.030873726458783574
hard,3,0.030873726458783574
btw,3,0.030873726458783574
summer,3,0.030873726458783574
facemelting,3,0.030873726458783574
events,3,0.030873726458783574
ohh,3,0.030873726458783574
broke,3,0.030873726458783574
aaaa,3,0.030873726458783574
could,3,0.030873726458783574
karaoke,3,0.030873726458783574
wondering,3,0.030873726458783574
rerun,3,0.030873726458783574
beautifull,3,0.030873726458783574
arent,3,0.030873726458783574
may,3,0.030873726458783574
heartsparklesblack,3,0.030873726458783574
attack,3,0.030873726458783574
fan,3,0.030873726458783574
together,3,0.030873726458783574
lover,3,0.030873726458783574
aaaaaaa,3,0.030873726458783574
handok,3,0.030873726458783574
curious,3,0.030873726458783574
super,3,0.030873726458783574
agreed,3,0.030873726458783574
fingers,3,0.030873726458783574
help,3,0.030873726458783574
name,3,0.030873726458783574
32bit,3,0.030873726458783574
next,3,0.030873726458783574
dark,3,0.030873726458783574
youtube,3,0.030873726458783574
use,3,0.030873726458783574
smile,3,0.030873726458783574
playlist,3,0.030873726458783574
nostalgia,3,0.030873726458783574
ahhhh,3,0.030873726458783574
plus,3,0.030873726458783574
card,3,0.030873726458783574
loving,3,0.030873726458783574
daddies,3,0.030873726458783574
watching,3,0.030873726458783574
facegrowing,3,0.030873726458783574
support,3,0.030873726458783574
shes,3,0.030873726458783574
power,3,0.030873726458783574
hold,3,0.030873726458783574
mine,3,0.030873726458783574
fight,3,0.030873726458783574
doctor,3,0.030873726458783574
plot,3,0.030873726458783574
lead,3,0.030873726458783574
pleaseee,3,0.030873726458783574
living,3,0.030873726458783574
aaaah,3,0.030873726458783574
hopefully,3,0.030873726458783574
updates,3,0.030873726458783574
shooting,3,0.030873726458783574
sarah,3,0.030873726458783574
ribbon,3,0.030873726458783574
ini,3,0.030873726458783574
wry,3,0.030873726458783574
yayyyy,2,0.020582484305855717
smilecat,2,0.020582484305855717
suka,2,0.020582484305855717
mark,2,0.020582484305855717
props,2,0.020582484305855717
set,2,0.020582484305855717
simple,2,0.020582484305855717
yall,2,0.020582484305855717
mafia,2,0.020582484305855717
started,2,0.020582484305855717
zaynesylus,2,0.020582484305855717
green,2,0.020582484305855717
visiting,2,0.020582484305855717
friends,2,0.020582484305855717
fearless,2,0.020582484305855717
releasing,2,0.020582484305855717
90s,2,0.020582484305855717
send,2,0.020582484305855717
tearsred,2,0.020582484305855717
pointshundred,2,0.020582484305855717
heartfire,2,0.020582484305855717
whatever,2,0.020582484305855717
solo,2,0.020582484305855717
fairy,2,0.020582484305855717
sign,2,0.020582484305855717
fighting,2,0.020582484305855717
animated,2,0.020582484305855717
faceweary,2,0.020582484305855717
affectionate,2,0.020582484305855717
uncomfortable,2,0.020582484305855717
isnt,2,0.020582484305855717
fairies,2,0.020582484305855717
storage,2,0.020582484305855717
2025,2,0.020582484305855717
zylus,2,0.020582484305855717
key,2,0.020582484305855717
def,2,0.020582484305855717
facewinking,2,0.020582484305855717
chapters,2,0.020582484305855717
youve,2,0.020582484305855717
unexpected,2,0.020582484305855717
speechless,2,0.020582484305855717
heartsparkles,2,0.020582484305855717
easily,2,0.020582484305855717
pulling,2,0.020582484305855717
facehot,2,0.020582484305855717
catch,2,0.020582484305855717
become,2,0.020582484305855717
sad,2,0.020582484305855717
loop,2,0.020582484305855717
fans,2,0.020582484305855717
background,2,0.020582484305855717
songface,2,0.020582484305855717
ingame,2,0.020582484305855717
opened,2,0.020582484305855717
yessssss,2,0.020582484305855717
plz,2,0.020582484305855717
pleasee,2,0.020582484305855717
knowing,2,0.020582484305855717
thriving,2,0.020582484305855717
self,2,0.020582484305855717
wth,2,0.020582484305855717
handsome,2,0.020582484305855717
myth,2,0.020582484305855717
jesus,2,0.020582484305855717
job,2,0.020582484305855717
mew,2,0.020582484305855717
banget,2,0.020582484305855717
deserves,2,0.020582484305855717
lores,2,0.020582484305855717
kids,2,0.020582484305855717
reading,2,0.020582484305855717
stories,2,0.020582484305855717
bop,2,0.020582484305855717
lyric,2,0.020582484305855717
fluffy,2,0.020582484305855717
gooooo,2,0.020582484305855717
opening,2,0.020582484305855717
comments,2,0.020582484305855717
download,2,0.020582484305855717
app,2,0.020582484305855717
laptop,2,0.020582484305855717
mp3,2,0.020582484305855717
forever,2,0.020582484305855717
cafe,2,0.020582484305855717
truly,2,0.020582484305855717
episodes,2,0.020582484305855717
ahhhhhhh,2,0.020582484305855717
doesnt,2,0.020582484305855717
goooo,2,0.020582484305855717
upcoming,2,0.020582484305855717
aka,2,0.020582484305855717
themes,2,0.020582484305855717
girly,2,0.020582484305855717
tbh,2,0.020582484305855717
dancing,2,0.020582484305855717
romance,2,0.020582484305855717
wonderful,2,0.020582484305855717
banyak,2,0.020582484305855717
soong,2,0.020582484305855717
enough,2,0.020582484305855717
double,2,0.020582484305855717
dua,2,0.020582484305855717
crossed,2,0.020582484305855717
thumb,2,0.020582484305855717
finger,2,0.020582484305855717
index,2,0.020582484305855717
sparklesblack,2,0.020582484305855717
said,2,0.020582484305855717
idk,2,0.020582484305855717
poor,2,0.020582484305855717
28th,2,0.020582484305855717
dropping,2,0.020582484305855717
upthumbs,2,0.020582484305855717
gracias,2,0.020582484305855717
upload,2,0.020582484305855717
sunglasses,2,0.020582484305855717
express,2,0.020582484305855717
cat,2,0.020582484305855717
musics,2,0.020582484305855717
heartface,2,0.020582484305855717
body,2,0.020582484305855717
reset,2,0.020582484305855717
farm,2,0.020582484305855717
morning,2,0.020582484305855717
perfectly,2,0.020582484305855717
anyone,2,0.020582484305855717
heartblue,2,0.020582484305855717
boy,2,0.020582484305855717
raised,2,0.020582484305855717
toneraising,2,0.020582484305855717
soft,2,0.020582484305855717
victory,2,0.020582484305855717
guaranteed,2,0.020582484305855717
jaw,2,0.020582484305855717
joyred,2,0.020582484305855717
sweatface,2,0.020582484305855717
worked,2,0.020582484305855717
wholesome,2,0.020582484305855717
bgms,2,0.020582484305855717
shop,2,0.020582484305855717
spend,2,0.020582484305855717
money,2,0.020582484305855717
points,2,0.020582484305855717
comes,2,0.020582484305855717
mama,2,0.020582484305855717
bday,2,0.020582484305855717
worship,2,0.020582484305855717
worshipplace,2,0.020582484305855717
beautifulloudly,2,0.020582484305855717
fireworks,2,0.020582484305855717
nikkis,2,0.020582484305855717
comfort,2,0.020582484305855717
whats,2,0.020582484305855717
005,2,0.020582484305855717
space,2,0.020582484305855717
current,2,0.020582484305855717
taylors,2,0.020582484305855717
style,2,0.020582484305855717
speak,2,0.020582484305855717
pair,2,0.020582484305855717
black,2,0.020582484305855717
awaited,2,0.020582484305855717
omfg,2,0.020582484305855717
omgloudly,2,0.020582484305855717
2010s,2,0.020582484305855717
baby,2,0.020582484305855717
dawn,2,0.020582484305855717
omggg,2,0.020582484305855717
weary,2,0.020582484305855717
eye,2,0.020582484305855717
brought,2,0.020582484305855717
attention,2,0.020582484305855717
villain,2,0.020582484305855717
played,2,0.020582484305855717
genuinely,2,0.020582484305855717
sylusred,2,0.020582484305855717
ballconfetti,2,0.020582484305855717
process,2,0.020582484305855717
screen,2,0.020582484305855717
ass,2,0.020582484305855717
hahaha,2,0.020582484305855717
stuff,2,0.020582484305855717
timeline,2,0.020582484305855717
boyssss,2,0.020582484305855717
lore,2,0.020582484305855717
imo,2,0.020582484305855717
fucking,2,0.020582484305855717
somehow,2,0.020582484305855717
beg,2,0.020582484305855717
composed,2,0.020582484305855717
pure,2,0.020582484305855717
arrow,2,0.020582484305855717
drop,2,0.020582484305855717
keeps,2,0.020582484305855717
weve,2,0.020582484305855717
relieved,2,0.020582484305855717
winning,2,0.020582484305855717
absolutely,2,0.020582484305855717
least,2,0.020582484305855717
dead,2,0.020582484305855717
anime,2,0.020582484305855717
anyway,2,0.020582484305855717
expect,2,0.020582484305855717
artist,2,0.020582484305855717
mood,2,0.020582484305855717
omgg,2,0.020582484305855717
youred,2,0.020582484305855717
muchloudly,2,0.020582484305855717
tonesparkles,2,0.020582484305855717
muchh,2,0.020582484305855717
tonefolded,2,0.020582484305855717
023,2,0.020582484305855717
asap,2,0.020582484305855717
healed,2,0.020582484305855717
speaking,2,0.020582484305855717
whenever,2,0.020582484305855717
changing,2,0.020582484305855717
lmfao,2,0.020582484305855717
soooooo,2,0.020582484305855717
flying,2,0.020582484305855717
rafael,2,0.020582484305855717
haha,2,0.020582484305855717
disneybarbie,2,0.020582484305855717
closed,2,0.020582484305855717
catch22,2,0.020582484305855717
audience,2,0.020582484305855717
boaf,2,0.020582484305855717
favorites,2,0.020582484305855717
white,2,0.020582484305855717
sparkles,2,0.020582484305855717
friend,2,0.020582484305855717
arc,2,0.020582484305855717
run,2,0.020582484305855717
stronger,2,0.020582484305855717
bright,2,0.020582484305855717
hermosa,2,0.020582484305855717
company,2,0.020582484305855717
pink,2,0.020582484305855717
clearly,2,0.020582484305855717
thoughts,2,0.020582484305855717
righttt,2,0.020582484305855717
fluff,2,0.020582484305855717
handsgrowing,2,0.020582484305855717
guide,2,0.020582484305855717
enjoy,2,0.020582484305855717
husbando,2,0.020582484305855717
zaylus,2,0.020582484305855717
peace,2,0.020582484305855717
boss,2,0.020582484305855717
nonstop,2,0.020582484305855717
itunes,2,0.020582484305855717
released,2,0.020582484305855717
chance,2,0.020582484305855717
facepinched,2,0.020582484305855717
cried,2,0.020582484305855717
remember,2,0.020582484305855717
edit,2,0.020582484305855717
around,2,0.020582484305855717
else,2,0.020582484305855717
por,2,0.020582484305855717
orange,2,0.020582484305855717
devs,2,0.020582484305855717
beautifullll,2,0.020582484305855717
channel,2,0.020582484305855717
aura,2,0.020582484305855717
ahhhhhhhh,2,0.020582484305855717
dreams,2,0.020582484305855717
downloading,2,0.020582484305855717
note,2,0.020582484305855717
genre,2,0.020582484305855717
hikaru,2,0.020582484305855717
finallyyy,2,0.020582484305855717
skills,2,0.020582484305855717
happyred,2,0.020582484305855717
others,2,0.020582484305855717
hey,2,0.020582484305855717
type,2,0.020582484305855717
vocals,2,0.020582484305855717
facecherry,2,0.020582484305855717
option,2,0.020582484305855717
likes,2,0.020582484305855717
band,2,0.020582484305855717
heartloudly,2,0.020582484305855717
masterpiecered,2,0.020582484305855717
appreciate,2,0.020582484305855717
tearstwo,2,0.020582484305855717
scenes,2,0.020582484305855717
singers,2,0.020582484305855717
brightman,2,0.020582484305855717
starts,2,0.020582484305855717
begitu,2,0.020582484305855717
glock,2,0.020582484305855717
considered,2,0.020582484305855717
gosh,2,0.020582484305855717
however,2,0.020582484305855717
monkeyseenoevil,2,0.020582484305855717
dang,2,0.020582484305855717
costanza,2,0.020582484305855717
chrissy,2,0.020582484305855717
aaaaa,2,0.020582484305855717
everyday,2,0.020582484305855717
master,2,0.020582484305855717
theyd,2,0.020582484305855717
difference,2,0.020582484305855717
heartsface,2,0.020582484305855717
artists,2,0.020582484305855717
snow,2,0.020582484305855717
yay,2,0.020582484305855717
packed,2,0.020582484305855717
piano,2,0.020582484305855717
instrumental,2,0.020582484305855717
soo,2,0.020582484305855717
heartwhite,2,0.020582484305855717
heartwarming,2,0.020582484305855717
gift,2,0.020582484305855717
ooh,2,0.020582484305855717
visuals,2,0.020582484305855717
create,2,0.020582484305855717
ribbonheart,2,0.020582484305855717
future,2,0.020582484305855717
kept,2,0.020582484305855717
aku,2,0.020582484305855717
firstred,1,0.010291242152927859
omy,1,0.010291242152927859
bird,1,0.010291242152927859
mygawd,1,0.010291242152927859
looked,1,0.010291242152927859
hotter,1,0.010291242152927859
helly,1,0.010291242152927859
realgrinning,1,0.010291242152927859
zayneee,1,0.010291242152927859
trabajo,1,0.010291242152927859
liriknya,1,0.010291242152927859
juga,1,0.010291242152927859
indah,1,0.010291242152927859
nya,1,0.010291242152927859
penuh,1,0.010291242152927859
sebulan,1,0.010291242152927859
memutar,1,0.010291242152927859
harus,1,0.010291242152927859
jika,1,0.010291242152927859
sanggup,1,0.010291242152927859
ganas,1,0.010291242152927859
echo,1,0.010291242152927859
admire,1,0.010291242152927859
beautifulsparkling,1,0.010291242152927859
2000,1,0.010291242152927859
notesearmusical,1,0.010291242152927859
tracks,1,0.010291242152927859
accompanimentsinger,1,0.010291242152927859
2nd,1,0.010291242152927859
although,1,0.010291242152927859
craft,1,0.010291242152927859
composition,1,0.010291242152927859
rot,1,0.010291242152927859
yellow,1,0.010291242152927859
itunesred,1,0.010291242152927859
alter,1,0.010291242152927859
impossible,1,0.010291242152927859
backtoback,1,0.010291242152927859
closely,1,0.010291242152927859
fishie,1,0.010291242152927859
ver,1,0.010291242152927859
lil,1,0.010291242152927859
notesmusical,1,0.010291242152927859
concert,1,0.010291242152927859
againsmiling,1,0.010291242152927859
shocked,1,0.010291242152927859
fyi,1,0.010291242152927859
crushes,1,0.010291242152927859
eventho,1,0.010291242152927859
thissss,1,0.010291242152927859
loooveee,1,0.010291242152927859
vibesgrinning,1,0.010291242152927859
host,1,0.010291242152927859
school,1,0.010291242152927859
ouran,1,0.010291242152927859
ease,1,0.010291242152927859
gentle,1,0.010291242152927859
fitting,1,0.010291242152927859
halo,1,0.010291242152927859
handstwo,1,0.010291242152927859
bratzs,1,0.010291242152927859
reliving,1,0.010291242152927859
headcanon,1,0.010291242152927859
revolving,1,0.010291242152927859
winter,1,0.010291242152927859
honeymoon,1,0.010291242152927859
takes,1,0.010291242152927859
sneezing,1,0.010291242152927859
hearteyesgrowing,1,0.010291242152927859
muchbouquetsmiling,1,0.010291242152927859
songgg,1,0.010291242152927859
loverfearless,1,0.010291242152927859
handsblue,1,0.010291242152927859
ùêÇùêöùê•ùêûùêõ,1,0.010291242152927859
heartbouquetbouquetbouquet,1,0.010291242152927859
thissssneezing,1,0.010291242152927859
fcking,1,0.010291242152927859
highschool,1,0.010291242152927859
blossompink,1,0.010291242152927859
muchhhhhhhh,1,0.010291242152927859
gamered,1,0.010291242152927859
backsound,1,0.010291242152927859
donghuafolded,1,0.010291242152927859
turn,1,0.010291242152927859
1010fireclapping,1,0.010291242152927859
looping,1,0.010291242152927859
mentioned,1,0.010291242152927859
mikelangelo,1,0.010291242152927859
collaborations,1,0.010291242152927859
previous,1,0.010291242152927859
interviews,1,0.010291242152927859
button,1,0.010291242152927859
princesses,1,0.010291242152927859
barbiedisney,1,0.010291242152927859
description,1,0.010291242152927859
login,1,0.010291242152927859
childhoooood,1,0.010291242152927859
notch,1,0.010291242152927859
markcheck,1,0.010291242152927859
goddamn,1,0.010291242152927859
lemme,1,0.010291242152927859
hearteyestwo,1,0.010291242152927859
vibesmiling,1,0.010291242152927859
remembers,1,0.010291242152927859
nara,1,0.010291242152927859
omgosh,1,0.010291242152927859
ending,1,0.010291242152927859
heartssparkles,1,0.010291242152927859
ahahahah,1,0.010291242152927859
senior,1,0.010291242152927859
gesturing,1,0.010291242152927859
shifts,1,0.010291242152927859
behind,1,0.010291242152927859
staff,1,0.010291242152927859
creators,1,0.010291242152927859
reveal,1,0.010291242152927859
heartcrying,1,0.010291242152927859
loooove,1,0.010291242152927859
loconte,1,0.010291242152927859
cardsface,1,0.010291242152927859
xaviersylus,1,0.010291242152927859
usually,1,0.010291242152927859
vibeloudly,1,0.010291242152927859
welcome,1,0.010291242152927859
works,1,0.010291242152927859
ended,1,0.010291242152927859
devw,1,0.010291242152927859
tooooo,1,0.010291242152927859
isssss,1,0.010291242152927859
facelight,1,0.010291242152927859
awesomeee,1,0.010291242152927859
composer,1,0.010291242152927859
lyricist,1,0.010291242152927859
creek,1,0.010291242152927859
dawsons,1,0.010291242152927859
washing,1,0.010291242152927859
pain,1,0.010291242152927859
letting,1,0.010291242152927859
visual,1,0.010291242152927859
beats,1,0.010291242152927859
swaying,1,0.010291242152927859
choose,1,0.010291242152927859
charmings,1,0.010291242152927859
prince,1,0.010291242152927859
greatt,1,0.010291242152927859
refreshinggggg,1,0.010291242152927859
moore,1,0.010291242152927859
mandy,1,0.010291242152927859
camera,1,0.010291242152927859
popcornmovie,1,0.010291242152927859
blossomherblotushyacinth,1,0.010291242152927859
estamos,1,0.010291242152927859
razon,1,0.010291242152927859
tienen,1,0.010291242152927859
muchhhh,1,0.010291242152927859
complain,1,0.010291242152927859
pabor,1,0.010291242152927859
youuu,1,0.010291242152927859
details,1,0.010291242152927859
wowred,1,0.010291242152927859
air,1,0.010291242152927859
hide,1,0.010291242152927859
nothing,1,0.010291242152927859
moonlight,1,0.010291242152927859
shower,1,0.010291242152927859
starting,1,0.010291242152927859
rain,1,0.010291242152927859
twirl,1,0.010291242152927859
gooood,1,0.010291242152927859
wowowow,1,0.010291242152927859
songtwo,1,0.010291242152927859
heartcherry,1,0.010291242152927859
fade,1,0.010291242152927859
surprise,1,0.010291242152927859
within,1,0.010291242152927859
shining,1,0.010291242152927859
sunrise,1,0.010291242152927859
sky,1,0.010291242152927859
reaching,1,0.010291242152927859
starring,1,0.010291242152927859
asiii,1,0.010291242152927859
sent√≠,1,0.010291242152927859
nuestra,1,0.010291242152927859
strikes,1,0.010291242152927859
teenager,1,0.010291242152927859
flowerrosettecherry,1,0.010291242152927859
as√≠,1,0.010291242152927859
sigan,1,0.010291242152927859
pursue,1,0.010291242152927859
bloom,1,0.010291242152927859
beneath,1,0.010291242152927859
skys,1,0.010291242152927859
afternoon,1,0.010291242152927859
tunes,1,0.010291242152927859
birds,1,0.010291242152927859
pero,1,0.010291242152927859
lnd,1,0.010291242152927859
happycry,1,0.010291242152927859
announcement,1,0.010291242152927859
cheesy,1,0.010291242152927859
impression,1,0.010291242152927859
credit,1,0.010291242152927859
inhouse,1,0.010291242152927859
batman,1,0.010291242152927859
droves,1,0.010291242152927859
dreamy,1,0.010291242152927859
pop,1,0.010291242152927859
2000s2010s,1,0.010291242152927859
moviesface,1,0.010291242152927859
eyesgrowing,1,0.010291242152927859
kissing,1,0.010291242152927859
werent,1,0.010291242152927859
sounding,1,0.010291242152927859
grew,1,0.010291242152927859
corny,1,0.010291242152927859
obsessed,1,0.010291242152927859
liking,1,0.010291242152927859
draw,1,0.010291242152927859
costumes,1,0.010291242152927859
horrible,1,0.010291242152927859
picked,1,0.010291242152927859
heartpink,1,0.010291242152927859
magical,1,0.010291242152927859
spotifyyyy,1,0.010291242152927859
tearspleading,1,0.010291242152927859
guysssssloudly,1,0.010291242152927859
ears,1,0.010291242152927859
lmao,1,0.010291242152927859
hit,1,0.010291242152927859
schlocky,1,0.010291242152927859
overly,1,0.010291242152927859
swiftt,1,0.010291242152927859
sparklessparklesloudly,1,0.010291242152927859
beautifulllll,1,0.010291242152927859
1mil10,1,0.010291242152927859
rate,1,0.010291242152927859
diamonds,1,0.010291242152927859
multi,1,0.010291242152927859
crowns,1,0.010291242152927859
course,1,0.010291242152927859
heartsloudly,1,0.010291242152927859
heartsgrinning,1,0.010291242152927859
gta,1,0.010291242152927859
gorlt,1,0.010291242152927859
urge,1,0.010291242152927859
strongest,1,0.010291242152927859
major,1,0.010291242152927859
laughter,1,0.010291242152927859
carefree,1,0.010291242152927859
jwjajshhs,1,0.010291242152927859
ittt,1,0.010291242152927859
chills,1,0.010291242152927859
track,1,0.010291242152927859
barrrr,1,0.010291242152927859
talented,1,0.010291242152927859
insanely,1,0.010291242152927859
niki,1,0.010291242152927859
toopleading,1,0.010291242152927859
advance,1,0.010291242152927859
noncommercial,1,0.010291242152927859
permission,1,0.010291242152927859
ask,1,0.010291242152927859
vibesred,1,0.010291242152927859
cryy,1,0.010291242152927859
outt,1,0.010291242152927859
effort,1,0.010291242152927859
mediumdark,1,0.010291242152927859
sparklessparkles,1,0.010291242152927859
blossomblossom,1,0.010291242152927859
young,1,0.010291242152927859
movieface,1,0.010291242152927859
touched,1,0.010291242152927859
castlesmiling,1,0.010291242152927859
motivation,1,0.010291242152927859
boost,1,0.010291242152927859
working,1,0.010291242152927859
headsparkling,1,0.010291242152927859
arrowheart,1,0.010291242152927859
mobile,1,0.010291242152927859
arrowglowing,1,0.010291242152927859
hearttulipheart,1,0.010291242152927859
heartscherry,1,0.010291242152927859
cliche,1,0.010291242152927859
beautifulpleading,1,0.010291242152927859
soundtrackso,1,0.010291242152927859
esp,1,0.010291242152927859
eyed,1,0.010291242152927859
teary,1,0.010291242152927859
happiness,1,0.010291242152927859
amount,1,0.010291242152927859
explain,1,0.010291242152927859
finest,1,0.010291242152927859
thisss,1,0.010291242152927859
tune,1,0.010291242152927859
tired,1,0.010291242152927859
movieprincess,1,0.010291242152927859
realy,1,0.010291242152927859
bestieeeeeee,1,0.010291242152927859
bestieeeeeeeee,1,0.010291242152927859
similarity,1,0.010291242152927859
academia,1,0.010291242152927859
hero,1,0.010291242152927859
notably,1,0.010291242152927859
english,1,0.010291242152927859
dubbing,1,0.010291242152927859
greatred,1,0.010291242152927859
toooo,1,0.010291242152927859
wautier,1,0.010291242152927859
violette,1,0.010291242152927859
agreee,1,0.010291242152927859
starsparkles,1,0.010291242152927859
princessbarbie,1,0.010291242152927859
lindo,1,0.010291242152927859
amooo,1,0.010291242152927859
beautifulface,1,0.010291242152927859
barbies,1,0.010291242152927859
legit,1,0.010291242152927859
infolds,1,0.010291242152927859
rings,1,0.010291242152927859
mini,1,0.010291242152927859
blobuu,1,0.010291242152927859
muchhh,1,0.010291242152927859
preview,1,0.010291242152927859
hours,1,0.010291242152927859
exchange,1,0.010291242152927859
itred,1,0.010291242152927859
heartlove,1,0.010291242152927859
muli,1,0.010291242152927859
trueee,1,0.010291242152927859
threw,1,0.010291242152927859
yees,1,0.010291242152927859
scheme,1,0.010291242152927859
color,1,0.010291242152927859
yaaaaas,1,0.010291242152927859
ohmygosh,1,0.010291242152927859
nostalgiared,1,0.010291242152927859
smthn,1,0.010291242152927859
h20,1,0.010291242152927859
sisterrrrrr,1,0.010291242152927859
letter,1,0.010291242152927859
heartribbonroselove,1,0.010291242152927859
pleasure,1,0.010291242152927859
fallen,1,0.010291242152927859
expecting,1,0.010291242152927859
wasnt,1,0.010291242152927859
bouquetbouquet,1,0.010291242152927859
credited,1,0.010291242152927859
exclusively,1,0.010291242152927859
seen,1,0.010291242152927859
buy,1,0.010291242152927859
xaviers,1,0.010291242152927859
keeping,1,0.010291242152927859
musicsmiling,1,0.010291242152927859
hopeless,1,0.010291242152927859
triggering,1,0.010291242152927859
otome,1,0.010291242152927859
depressing,1,0.010291242152927859
1st,1,0.010291242152927859
composers,1,0.010291242152927859
belt,1,0.010291242152927859
neighbours,1,0.010291242152927859
april,1,0.010291242152927859
lmaooo,1,0.010291242152927859
—Å–µ–±—è,1,0.010291242152927859
–∫—É—Å–∞—Ç—å,1,0.010291242152927859
–æ–ø—è—Ç—å,1,0.010291242152927859
blossomhibiscustulipblossom,1,0.010291242152927859
rosecherry,1,0.010291242152927859
glorious,1,0.010291242152927859
human,1,0.010291242152927859
firefirefirefirefirefirefire,1,0.010291242152927859
upsmiling,1,0.010291242152927859
mouththumbs,1,0.010291242152927859
verano,1,0.010291242152927859
del,1,0.010291242152927859
17th,1,0.010291242152927859
releases,1,0.010291242152927859
rhis,1,0.010291242152927859
tomorrow,1,0.010291242152927859
funniest,1,0.010291242152927859
mention,1,0.010291242152927859
aesthetic,1,0.010291242152927859
tonefirefirefirefire,1,0.010291242152927859
lss,1,0.010291242152927859
liked,1,0.010291242152927859
star,1,0.010291242152927859
upbeat,1,0.010291242152927859
normally,1,0.010291242152927859
raaaaan,1,0.010291242152927859
beautifulred,1,0.010291242152927859
belter,1,0.010291242152927859
heartmy,1,0.010291242152927859
facepurple,1,0.010291242152927859
amosparkling,1,0.010291242152927859
tonetwo,1,0.010291242152927859
heartspinched,1,0.010291242152927859
tearsbouquetbouquet,1,0.010291242152927859
resist,1,0.010291242152927859
multibanner,1,0.010291242152927859
daydream,1,0.010291242152927859
blossoming,1,0.010291242152927859
reflects,1,0.010291242152927859
hellooooo,1,0.010291242152927859
momento,1,0.010291242152927859
hasta,1,0.010291242152927859
mejor,1,0.010291242152927859
alreadly,1,0.010291242152927859
accent,1,0.010291242152927859
slight,1,0.010291242152927859
given,1,0.010291242152927859
chinese,1,0.010291242152927859
heartpleading,1,0.010291242152927859
musicblack,1,0.010291242152927859
dollars,1,0.010291242152927859
200,1,0.010291242152927859
spent,1,0.010291242152927859
inlove,1,0.010291242152927859
reminiscent,1,0.010291242152927859
princessy,1,0.010291242152927859
freshface,1,0.010291242152927859
cutscene,1,0.010291242152927859
apps,1,0.010291242152927859
banners,1,0.010291242152927859
spotify1,1,0.010291242152927859
pleaseeeeeeee,1,0.010291242152927859
pleaseeeeeeeeee,1,0.010291242152927859
yeee,1,0.010291242152927859
excatly,1,0.010291242152927859
frere,1,0.010291242152927859
yeahhh,1,0.010291242152927859
pleaseseee,1,0.010291242152927859
100,1,0.010291242152927859
plssssssssred,1,0.010291242152927859
indeeeed,1,0.010291242152927859
plss,1,0.010291242152927859
concuerdo,1,0.010291242152927859
siiii,1,0.010291242152927859
pleaseeeee,1,0.010291242152927859
puhlease,1,0.010291242152927859
appreciated,1,0.010291242152927859
miracle,1,0.010291242152927859
itloudly,1,0.010291242152927859
vibed,1,0.010291242152927859
lots,1,0.010291242152927859
fellow,1,0.010291242152927859
remind,1,0.010291242152927859
‡∏•‡∏á‡∏™‡∏õ‡∏≠‡∏ï‡∏ï‡∏ü‡∏≤‡∏¢‡∏î‡∏ß‡∏¢‡∏ô‡∏∞‡∏Ñ‡∏∞red,1,0.010291242152927859
‡∏ü‡∏•‡∏ö‡∏≤‡∏£‡∏ö‡∏°‡∏≤‡∏Å‡∏Ñ‡∏∞‡∏Ñ‡∏ô‡∏û,1,0.010291242152927859
teared,1,0.010291242152927859
familiar,1,0.010291242152927859
post,1,0.010291242152927859
heartspleading,1,0.010291242152927859
hearttwo,1,0.010291242152927859
muchpleading,1,0.010291242152927859
hibiscustuliphibiscus,1,0.010291242152927859
gwapo,1,0.010291242152927859
omghot,1,0.010291242152927859
uplodred,1,0.010291242152927859
forst,1,0.010291242152927859
alwayswhite,1,0.010291242152927859
beautifullred,1,0.010291242152927859
quint,1,0.010291242152927859
songg,1,0.010291242152927859
promise,1,0.010291242152927859
pensive,1,0.010291242152927859
xavierrrr,1,0.010291242152927859
tonerevolving,1,0.010291242152927859
blossomheart,1,0.010291242152927859
springtime,1,0.010291242152927859
instantly,1,0.010291242152927859
upvote,1,0.010291242152927859
responsibility,1,0.010291242152927859
warmth,1,0.010291242152927859
left,1,0.010291242152927859
handled,1,0.010291242152927859
episode,1,0.010291242152927859
smells,1,0.010291242152927859
barbiesparkling,1,0.010291242152927859
kudos,1,0.010291242152927859
swifttish,1,0.010291242152927859
radiates,1,0.010291242152927859
page,1,0.010291242152927859
stayed,1,0.010291242152927859
savesmiling,1,0.010291242152927859
gotta,1,0.010291242152927859
saf,1,0.010291242152927859
sylussssss,1,0.010291242152927859
called,1,0.010291242152927859
orginal,1,0.010291242152927859
either,1,0.010291242152927859
musicbox,1,0.010291242152927859
timelock,1,0.010291242152927859
winking,1,0.010291242152927859
bang,1,0.010291242152927859
prepared,1,0.010291242152927859
congratulate,1,0.010291242152927859
count,1,0.010291242152927859
emotions,1,0.010291242152927859
jokes,1,0.010291242152927859
funny,1,0.010291242152927859
sadness,1,0.010291242152927859
empathy,1,0.010291242152927859
guilt,1,0.010291242152927859
friendship,1,0.010291242152927859
neutral,1,0.010291242152927859
fond,1,0.010291242152927859
preference,1,0.010291242152927859
personal,1,0.010291242152927859
spotfy,1,0.010291242152927859
bts,1,0.010291242152927859
army,1,0.010291242152927859
phase,1,0.010291242152927859
muchred,1,0.010291242152927859
crysmiling,1,0.010291242152927859
heals,1,0.010291242152927859
morered,1,0.010291242152927859
written,1,0.010291242152927859
ughhh,1,0.010291242152927859
lightyear,1,0.010291242152927859
blush,1,0.010291242152927859
centered,1,0.010291242152927859
bond,1,0.010291242152927859
reproductions,1,0.010291242152927859
kingdom,1,0.010291242152927859
honestly,1,0.010291242152927859
perfectionred,1,0.010291242152927859
angel,1,0.010291242152927859
akmu,1,0.010291242152927859
suhyun,1,0.010291242152927859
safelyred,1,0.010291242152927859
moments,1,0.010291242152927859
themis,1,0.010291242152927859
flirts,1,0.010291242152927859
unintentional,1,0.010291242152927859
circle,1,0.010291242152927859
moment,1,0.010291242152927859
matter,1,0.010291242152927859
eyesno,1,0.010291242152927859
dayssmiling,1,0.010291242152927859
awwww,1,0.010291242152927859
membuat,1,0.010291242152927859
sudah,1,0.010291242152927859
terimakasih,1,0.010291242152927859
anjirred,1,0.010291242152927859
sih,1,0.010291242152927859
cash,1,0.010291242152927859
spendig,1,0.010291242152927859
teathers,1,0.010291242152927859
sooi,1,0.010291242152927859
smoooooth,1,0.010291242152927859
heartstar,1,0.010291242152927859
leaning,1,0.010291242152927859
sequence,1,0.010291242152927859
vintage,1,0.010291242152927859
fit,1,0.010291242152927859
kennedy,1,0.010291242152927859
leon,1,0.010291242152927859
lolol,1,0.010291242152927859
strange,1,0.010291242152927859
goo,1,0.010291242152927859
sold,1,0.010291242152927859
hearteyeswinking,1,0.010291242152927859
territorysmiling,1,0.010291242152927859
ilysm,1,0.010291242152927859
syluszayne,1,0.010291242152927859
bottom,1,0.010291242152927859
thoo,1,0.010291242152927859
burst,1,0.010291242152927859
start,1,0.010291242152927859
compare,1,0.010291242152927859
dante,1,0.010291242152927859
xddd,1,0.010291242152927859
point,1,0.010291242152927859
dmc,1,0.010291242152927859
crossover,1,0.010291242152927859
commenting,1,0.010291242152927859
lately,1,0.010291242152927859
dovey,1,0.010291242152927859
lovey,1,0.010291242152927859
views,1,0.010291242152927859
shoot,1,0.010291242152927859
dramatically,1,0.010291242152927859
windows,1,0.010291242152927859
thisred,1,0.010291242152927859
actuallycrying,1,0.010291242152927859
expensive,1,0.010291242152927859
gems,1,0.010291242152927859
difficult,1,0.010291242152927859
gemsits,1,0.010291242152927859
transition,1,0.010291242152927859
replaying,1,0.010291242152927859
favorit,1,0.010291242152927859
ter,1,0.010291242152927859
nih,1,0.010291242152927859
monkeysparkling,1,0.010291242152927859
updatedseenoevil,1,0.010291242152927859
list,1,0.010291242152927859
handrelieved,1,0.010291242152927859
bridge,1,0.010291242152927859
approved,1,0.010291242152927859
cars,1,0.010291242152927859
angst,1,0.010291242152927859
wings,1,0.010291242152927859
wingsmoney,1,0.010291242152927859
moneymoney,1,0.010291242152927859
care,1,0.010291242152927859
cringe,1,0.010291242152927859
wild,1,0.010291242152927859
fangirl,1,0.010291242152927859
reason,1,0.010291242152927859
tearssparklessparklessparklesloudly,1,0.010291242152927859
trinity,1,0.010291242152927859
dinero,1,0.010291242152927859
todo,1,0.010291242152927859
tomen,1,0.010291242152927859
comparison,1,0.010291242152927859
quietsoftspoken,1,0.010291242152927859
chill,1,0.010291242152927859
mostly,1,0.010291242152927859
reevescoded,1,0.010291242152927859
keanu,1,0.010291242152927859
hubbies,1,0.010291242152927859
astonished,1,0.010291242152927859
kicking,1,0.010291242152927859
aaaaahhhh,1,0.010291242152927859
k1lling,1,0.010291242152927859
sooong,1,0.010291242152927859
flawless,1,0.010291242152927859
hearteyesfirefirefire,1,0.010291242152927859
drift,1,0.010291242152927859
tokyo,1,0.010291242152927859
witness,1,0.010291242152927859
fianc√©,1,0.010291242152927859
couple,1,0.010291242152927859
soul,1,0.010291242152927859
feeds,1,0.010291242152927859
medic,1,0.010291242152927859
feminine,1,0.010291242152927859
singlehandedly,1,0.010291242152927859
heartwoman,1,0.010291242152927859
faceribbonsparkling,1,0.010291242152927859
officially,1,0.010291242152927859
encanta,1,0.010291242152927859
hearteyessparklessparkling,1,0.010291242152927859
bangers,1,0.010291242152927859
crazzzy,1,0.010291242152927859
adds,1,0.010291242152927859
traverse,1,0.010291242152927859
mean,1,0.010291242152927859
espanhol,1,0.010291242152927859
traduza,1,0.010291242152927859
rides,1,0.010291242152927859
confused,1,0.010291242152927859
huh,1,0.010291242152927859
halt,1,0.010291242152927859
lired,1,0.010291242152927859
shayla,1,0.010291242152927859
believemy,1,0.010291242152927859
film,1,0.010291242152927859
trying,1,0.010291242152927859
producer,1,0.010291242152927859
original,1,0.010291242152927859
latest,1,0.010291242152927859
frfrred,1,0.010291242152927859
losing,1,0.010291242152927859
respectfully,1,0.010291242152927859
gwad,1,0.010291242152927859
boomshakalaka,1,0.010291242152927859
aaaaaahhhh,1,0.010291242152927859
personface,1,0.010291242152927859
songpleading,1,0.010291242152927859
collab,1,0.010291242152927859
facecrying,1,0.010291242152927859
pleasecrying,1,0.010291242152927859
sceptical,1,0.010291242152927859
suggested,1,0.010291242152927859
depressive,1,0.010291242152927859
ridden,1,0.010291242152927859
foreshadowing,1,0.010291242152927859
rafgirlie,1,0.010291242152927859
syland,1,0.010291242152927859
slo,1,0.010291242152927859
watch,1,0.010291242152927859
uggguggghhhhhhh,1,0.010291242152927859
heartsfire,1,0.010291242152927859
tearsloudly,1,0.010291242152927859
sank,1,0.010291242152927859
meaning,1,0.010291242152927859
quite,1,0.010291242152927859
breathe,1,0.010291242152927859
lethal,1,0.010291242152927859
readyyyyt,1,0.010291242152927859
lolred,1,0.010291242152927859
knew,1,0.010291242152927859
heartkissing,1,0.010291242152927859
normal,1,0.010291242152927859
outside,1,0.010291242152927859
experiencing,1,0.010291242152927859
wouldnt,1,0.010291242152927859
villian,1,0.010291242152927859
park,1,0.010291242152927859
knock,1,0.010291242152927859
deeply,1,0.010291242152927859
bambi,1,0.010291242152927859
luck,1,0.010291242152927859
congrats,1,0.010291242152927859
split,1,0.010291242152927859
allegations,1,0.010291242152927859
racing,1,0.010291242152927859
beating,1,0.010291242152927859
ammmmmm,1,0.010291242152927859
noticed,1,0.010291242152927859
heaven,1,0.010291242152927859
died,1,0.010291242152927859
bias,1,0.010291242152927859
shiiiiit,1,0.010291242152927859
enfin,1,0.010291242152927859
waving,1,0.010291242152927859
environment,1,0.010291242152927859
industry,1,0.010291242152927859
merde,1,0.010291242152927859
bordel,1,0.010291242152927859
faceim,1,0.010291242152927859
woozy,1,0.010291242152927859
hll,1,0.010291242152927859
dare,1,0.010291242152927859
atmosphere,1,0.010291242152927859
games,1,0.010291242152927859
papergames,1,0.010291242152927859
combooooo,1,0.010291242152927859
ultimate,1,0.010291242152927859
dope,1,0.010291242152927859
supernatural,1,0.010291242152927859
player,1,0.010291242152927859
215,1,0.010291242152927859
completing,1,0.010291242152927859
monday,1,0.010291242152927859
slightly,1,0.010291242152927859
zane,1,0.010291242152927859
noticeable,1,0.010291242152927859
advertisement,1,0.010291242152927859
silas,1,0.010291242152927859
picky,1,0.010291242152927859
mhmm,1,0.010291242152927859
sane,1,0.010291242152927859
dhfghvbcdb,1,0.010291242152927859
zaynieee,1,0.010291242152927859
toward,1,0.010291242152927859
account,1,0.010291242152927859
bank,1,0.010291242152927859
realllll,1,0.010291242152927859
snowcrowwww,1,0.010291242152927859
backred,1,0.010291242152927859
girls,1,0.010291242152927859
delivered,1,0.010291242152927859
joycrying,1,0.010291242152927859
reference,1,0.010291242152927859
victor,1,0.010291242152927859
zeyan,1,0.010291242152927859
ahhhhhshsndjemakdndn,1,0.010291242152927859
shoulder,1,0.010291242152927859
thigh,1,0.010291242152927859
watched,1,0.010291242152927859
polite,1,0.010291242152927859
says,1,0.010291242152927859
near,1,0.010291242152927859
swearrr,1,0.010291242152927859
plssmiling,1,0.010291242152927859
singeri,1,0.010291242152927859
speaks,1,0.010291242152927859
devices,1,0.010291242152927859
across,1,0.010291242152927859
syncs,1,0.010291242152927859
library,1,0.010291242152927859
bruh,1,0.010291242152927859
caught,1,0.010291242152927859
mainss,1,0.010291242152927859
aghhhh,1,0.010291242152927859
loveanddeepspace,1,0.010291242152927859
tearsblue,1,0.010291242152927859
zayneface,1,0.010291242152927859
yass,1,0.010291242152927859
night,1,0.010291242152927859
memory,1,0.010291242152927859
istg,1,0.010291242152927859
birth,1,0.010291242152927859
nnred,1,0.010291242152927859
dreamt,1,0.010291242152927859
threesome,1,0.010291242152927859
hyped,1,0.010291242152927859
updateeeee,1,0.010291242152927859
–≤—ã–≥–ª—è–¥–∏—Ç,1,0.010291242152927859
–≤–∞—Ö—É–µ—ç—Ç–æ,1,0.010291242152927859
skullfirefirefirefirefire,1,0.010291242152927859
oooohhh,1,0.010291242152927859
riling,1,0.010291242152927859
topping,1,0.010291242152927859
atp,1,0.010291242152927859
nation,1,0.010291242152927859
actiooon,1,0.010291242152927859
leatherjacket,1,0.010291242152927859
aaahhh,1,0.010291242152927859
gunna,1,0.010291242152927859
skull,1,0.010291242152927859
gangsterscrying,1,0.010291242152927859
omgred,1,0.010291242152927859
downloaded,1,0.010291242152927859
zaybe,1,0.010291242152927859
–º–æ—â–Ω–æ,1,0.010291242152927859
–æ—á–µ–Ω—å,1,0.010291242152927859
pov,1,0.010291242152927859
accessible,1,0.010291242152927859
weird,1,0.010291242152927859
lips,1,0.010291242152927859
automatically,1,0.010291242152927859
click,1,0.010291242152927859
files,1,0.010291242152927859
local,1,0.010291242152927859
file,1,0.010291242152927859
convert,1,0.010291242152927859
musicif,1,0.010291242152927859
spotifyapple,1,0.010291242152927859
tip,1,0.010291242152927859
total,1,0.010291242152927859
raffies,1,0.010291242152927859
patiently,1,0.010291242152927859
heartedly,1,0.010291242152927859
mof,1,0.010291242152927859
worlds,1,0.010291242152927859
beeeeest,1,0.010291242152927859
sparklessparklesred,1,0.010291242152927859
exciteddddred,1,0.010291242152927859
heartfireok,1,0.010291242152927859
missing,1,0.010291242152927859
desperately,1,0.010291242152927859
odds,1,0.010291242152927859
firefirefirefire,1,0.010291242152927859
mighty,1,0.010291242152927859
ohmygod,1,0.010291242152927859
metloudly,1,0.010291242152927859
expectations,1,0.010291242152927859
months,1,0.010291242152927859
roof,1,0.010291242152927859
dopecomet,1,0.010291242152927859
shootout,1,0.010291242152927859
syluss,1,0.010291242152927859
sleep,1,0.010291242152927859
‡∏ä‡∏≠‡∏ö‡∏≠‡∏∞,1,0.010291242152927859
pleaaaaaseee,1,0.010291242152927859
brightmans,1,0.010291242152927859
produced,1,0.010291242152927859
fiiiireeeee,1,0.010291242152927859
blossompurple,1,0.010291242152927859
soonest,1,0.010291242152927859
heartbouquet,1,0.010291242152927859
simping,1,0.010291242152927859
00500057,1,0.010291242152927859
00200032,1,0.010291242152927859
00070012,1,0.010291242152927859
0002,1,0.010291242152927859
moviehot,1,0.010291242152927859
sunglassescollision,1,0.010291242152927859
thrill,1,0.010291242152927859
excuse,1,0.010291242152927859
zaynehand,1,0.010291242152927859
france,1,0.010291242152927859
created,1,0.010291242152927859
putting,1,0.010291242152927859
hardwork,1,0.010291242152927859
empty,1,0.010291242152927859
ends,1,0.010291242152927859
thatthe,1,0.010291242152927859
instead,1,0.010291242152927859
immersive,1,0.010291242152927859
adding,1,0.010291242152927859
wake,1,0.010291242152927859
marry,1,0.010291242152927859
words,1,0.010291242152927859
forgot,1,0.010291242152927859
hair,1,0.010291242152927859
crown,1,0.010291242152927859
romcoms,1,0.010291242152927859
lighthearted,1,0.010291242152927859
00s,1,0.010291242152927859
late,1,0.010291242152927859
jpop,1,0.010291242152927859
manred,1,0.010291242152927859
aim,1,0.010291242152927859
helping,1,0.010291242152927859
fighters,1,0.010291242152927859
fearoh,1,0.010291242152927859
fearface,1,0.010291242152927859
sentence,1,0.010291242152927859
waitsmiling,1,0.010291242152927859
2002,1,0.010291242152927859
utada,1,0.010291242152927859
clean,1,0.010291242152927859
direct,1,0.010291242152927859
oviessongs,1,0.010291242152927859
comparing,1,0.010291242152927859
chuckle,1,0.010291242152927859
canthelp,1,0.010291242152927859
yooo,1,0.010291242152927859
interestingpleading,1,0.010291242152927859
mouthwhy,1,0.010291242152927859
diagonal,1,0.010291242152927859
actionpackedpartying,1,0.010291242152927859
animator,1,0.010291242152927859
lndred,1,0.010291242152927859
vibing,1,0.010291242152927859
neeoowwwwww,1,0.010291242152927859
yesterday,1,0.010291242152927859
sincerely,1,0.010291242152927859
no1,1,0.010291242152927859
wife,1,0.010291242152927859
godness,1,0.010291242152927859
infoldred,1,0.010291242152927859
beaming,1,0.010291242152927859
horse,1,0.010291242152927859
wrap,1,0.010291242152927859
usfolded,1,0.010291242152927859
feeding,1,0.010291242152927859
adorable,1,0.010291242152927859
homesmiling,1,0.010291242152927859
hurt,1,0.010291242152927859
hearteyeszayne,1,0.010291242152927859
syringebeaming,1,0.010291242152927859
mad,1,0.010291242152927859
goooood,1,0.010291242152927859
fear,1,0.010291242152927859
storyheart,1,0.010291242152927859
wizard,1,0.010291242152927859
jaws,1,0.010291242152927859
moon,1,0.010291242152927859
woooooooooooooooooooooo,1,0.010291242152927859
favourites,1,0.010291242152927859
solidifies,1,0.010291242152927859
transitioning,1,0.010291242152927859
currently,1,0.010291242152927859
helloo,1,0.010291242152927859
medal,1,0.010291242152927859
sports,1,0.010291242152927859
thissmiling,1,0.010291242152927859
332,1,0.010291242152927859
acually,1,0.010291242152927859
farloudly,1,0.010291242152927859
randomly,1,0.010291242152927859
found,1,0.010291242152927859
lock,1,0.010291242152927859
imma,1,0.010291242152927859
genshin,1,0.010291242152927859
heartrose,1,0.010291242152927859
cooltired,1,0.010291242152927859
moviesmiling,1,0.010291242152927859
wearing,1,0.010291242152927859
applause,1,0.010291242152927859
round,1,0.010291242152927859
bestie,1,0.010291242152927859
012,1,0.010291242152927859
aahh,1,0.010291242152927859
headgrowing,1,0.010291242152927859
blossomimagining,1,0.010291242152927859
intro,1,0.010291242152927859
ball,1,0.010291242152927859
popperconfetti,1,0.010291242152927859
hearteyesparty,1,0.010291242152927859
partying,1,0.010291242152927859
regular,1,0.010291242152927859
mix,1,0.010291242152927859
casual,1,0.010291242152927859
soooooooo,1,0.010291242152927859
news,1,0.010291242152927859
sylussssssss,1,0.010291242152927859
kekw,1,0.010291242152927859
wins,1,0.010291242152927859
along,1,0.010291242152927859
ascending,1,0.010291242152927859
320,1,0.010291242152927859
minigame,1,0.010291242152927859
plays,1,0.010291242152927859
pog,1,0.010291242152927859
godddd,1,0.010291242152927859
myyy,1,0.010291242152927859
godddddddddddddddddd,1,0.010291242152927859
kdrama,1,0.010291242152927859
dawnbrakers,1,0.010291242152927859
joyfire,1,0.010291242152927859
among,1,0.010291242152927859
describe,1,0.010291242152927859
exploding,1,0.010291242152927859
facefire,1,0.010291242152927859
hearteyesmelting,1,0.010291242152927859
actions,1,0.010291242152927859
experience,1,0.010291242152927859
cinematic,1,0.010291242152927859
movieanimation,1,0.010291242152927859
playcare,1,0.010291242152927859
hotfire,1,0.010291242152927859
carstarstruckstarstruckstarstruckstarstruckstarstruckstarstruckstarstruck,1,0.010291242152927859
gawd,1,0.010291242152927859
sekaligus,1,0.010291242152927859
orang,1,0.010291242152927859
disuguhi,1,0.010291242152927859
fireee,1,0.010291242152927859
girlieee,1,0.010291242152927859
fireeeefirefirefirefirefirezaynes,1,0.010291242152927859
especial,1,0.010291242152927859
amada,1,0.010291242152927859
sentirme,1,0.010291242152927859
hace,1,0.010291242152927859
drag√≥n,1,0.010291242152927859
apariencia,1,0.010291242152927859
sea,1,0.010291242152927859
bendito,1,0.010291242152927859
sylussssssssssred,1,0.010291242152927859
disappointed,1,0.010291242152927859
experimenting,1,0.010291242152927859
fking,1,0.010291242152927859
raawr,1,0.010291242152927859
firefirefirestarstruckstarstruckstarstruck,1,0.010291242152927859
woooo,1,0.010291242152927859
joyride,1,0.010291242152927859
hearteyesfolded,1,0.010291242152927859
confrontation,1,0.010291242152927859
meeting,1,0.010291242152927859
period,1,0.010291242152927859
tysm,1,0.010291242152927859
mercy,1,0.010291242152927859
happened,1,0.010291242152927859
goodness,1,0.010291242152927859
omgggggggg,1,0.010291242152927859
sending,1,0.010291242152927859
hearthundred,1,0.010291242152927859
badazz,1,0.010291242152927859
craving,1,0.010291242152927859
nth,1,0.010291242152927859
actionstarstruckstarstruckstarstruckstarstruckstarstruck,1,0.010291242152927859
tonefire,1,0.010291242152927859
horns,1,0.010291242152927859
depresi√≥n,1,0.010291242152927859
sacando,1,0.010291242152927859
est√°,1,0.010291242152927859
juego,1,0.010291242152927859
este,1,0.010291242152927859
agradecerles,1,0.010291242152927859
quiero,1,0.010291242152927859
blossomsparkleswoman,1,0.010291242152927859
compliments,1,0.010291242152927859
exciteeeddddd,1,0.010291242152927859
snapped,1,0.010291242152927859
brooooooo,1,0.010291242152927859
trailers,1,0.010291242152927859
seriously,1,0.010291242152927859
backkkk,1,0.010291242152927859
gooooooo,1,0.010291242152927859
crossedout,1,0.010291242152927859
myface,1,0.010291242152927859
stopped,1,0.010291242152927859
filmm,1,0.010291242152927859
meeeeeeee,1,0.010291242152927859
yeahh,1,0.010291242152927859
roserose,1,0.010291242152927859
hardworkers,1,0.010291242152927859
omagaaaared,1,0.010291242152927859
disatuin,1,0.010291242152927859
gue,1,0.010291242152927859
suami,1,0.010291242152927859
keren,1,0.010291242152927859
popperpartying,1,0.010291242152927859
giftparty,1,0.010291242152927859
comment,1,0.010291242152927859
respond,1,0.010291242152927859
versions,1,0.010291242152927859
conversation,1,0.010291242152927859
respect,1,0.010291242152927859
delivering,1,0.010291242152927859
mainstoryupdateeee,1,0.010291242152927859
mainsssss,1,0.010291242152927859
finallyyyyyy,1,0.010291242152927859
–∏–Ω—Ñ–æ–ª–¥—ã,1,0.010291242152927859
itsparkles,1,0.010291242152927859
slay,1,0.010291242152927859
kidding,1,0.010291242152927859
tearsmiling,1,0.010291242152927859
clear,1,0.010291242152927859
finaly,1,0.010291242152927859
rose,1,0.010291242152927859
captured,1,0.010291242152927859
dangerous,1,0.010291242152927859
alottttt,1,0.010291242152927859
tekken,1,0.010291242152927859
wrong,1,0.010291242152927859
godd,1,0.010291242152927859
hubbiesblue,1,0.010291242152927859
allgrinning,1,0.010291242152927859
unison,1,0.010291242152927859
thankyou,1,0.010291242152927859
touch,1,0.010291242152927859
goes,1,0.010291242152927859
quote,1,0.010291242152927859
tiktok,1,0.010291242152927859
realtalk,1,0.010291242152927859
tonesmiling,1,0.010291242152927859
√±ame,1,0.010291242152927859
foaming,1,0.010291242152927859
devious,1,0.010291242152927859
fuuuck,1,0.010291242152927859
–æ–∂–∏–¥–∞–Ω–∏—è,1,0.010291242152927859
—Å—Ç–æ–∏–ª–æ,1,0.010291242152927859
—ç—Ç–æ,1,0.010291242152927859
–ª—É—á—à–∏–µ,1,0.010291242152927859
consolepc,1,0.010291242152927859
darn,1,0.010291242152927859
nonetheless,1,0.010291242152927859
theyll,1,0.010291242152927859
enemy,1,0.010291242152927859
frist,1,0.010291242152927859
silent,1,0.010291242152927859
leaving,1,0.010291242152927859
homepage,1,0.010291242152927859
stay,1,0.010291242152927859
spotifyyyyy,1,0.010291242152927859
graphics,1,0.010291242152927859
developers,1,0.010291242152927859
hug,1,0.010291242152927859
havshsgsgsha,1,0.010291242152927859
sparklesbeating,1,0.010291242152927859
yassss,1,0.010291242152927859
omf,1,0.010291242152927859
hehe,1,0.010291242152927859
alarm,1,0.010291242152927859
kind,1,0.010291242152927859
storycoded,1,0.010291242152927859
floating,1,0.010291242152927859
thiis,1,0.010291242152927859
added,1,0.010291242152927859
continuous,1,0.010291242152927859
lad,1,0.010291242152927859
showcase,1,0.010291242152927859
wellsmirking,1,0.010291242152927859
blockbuster,1,0.010291242152927859
excitedgrinning,1,0.010291242152927859
potential,1,0.010291242152927859
snowcrows,1,0.010291242152927859
waitred,1,0.010291242152927859
return,1,0.010291242152927859
lines,1,0.010291242152927859
healer,1,0.010291242152927859
falling,1,0.010291242152927859
powerful,1,0.010291242152927859
typealways,1,0.010291242152927859
attractive,1,0.010291242152927859
stunning,1,0.010291242152927859
grief,1,0.010291242152927859
stunned,1,0.010291242152927859
dreaming,1,0.010291242152927859
boyfriends,1,0.010291242152927859
storyline,1,0.010291242152927859
bleesed,1,0.010291242152927859
paradise,1,0.010291242152927859
cutie,1,0.010291242152927859
unite,1,0.010291242152927859
againred,1,0.010291242152927859
cooking,1,0.010291242152927859
rewatch,1,0.010291242152927859
pleaseeeefolded,1,0.010291242152927859
pleaasee,1,0.010291242152927859
flowersred,1,0.010291242152927859
players,1,0.010291242152927859
usthe,1,0.010291242152927859
deal,1,0.010291242152927859
platform,1,0.010291242152927859
youooo,1,0.010291242152927859
sosoososos,1,0.010291242152927859
feasting,1,0.010291242152927859
supremacy,1,0.010291242152927859
matching,1,0.010291242152927859
dishes,1,0.010291242152927859
break,1,0.010291242152927859
bout,1,0.010291242152927859
updateeeeeee,1,0.010291242152927859
shaking,1,0.010291242152927859
faceuhhh,1,0.010291242152927859
facehushed,1,0.010291242152927859
hushed,1,0.010291242152927859
three,1,0.010291242152927859
saluting,1,0.010291242152927859
bbg,1,0.010291242152927859
wit,1,0.010291242152927859
eat,1,0.010291242152927859
finna,1,0.010291242152927859
uses,1,0.010291242152927859
tied,1,0.010291242152927859
injecting,1,0.010291242152927859
frequently,1,0.010291242152927859
updating,1,0.010291242152927859
include,1,0.010291242152927859
though,1,0.010291242152927859
wear,1,0.010291242152927859
jos√©,1,0.010291242152927859
maria,1,0.010291242152927859
maestraaa,1,0.010291242152927859
obra,1,0.010291242152927859
esta,1,0.010291242152927859
nooooo,1,0.010291242152927859
oooooh,1,0.010291242152927859
joke,1,0.010291242152927859
moving,1,0.010291242152927859
bless,1,0.010291242152927859
gah,1,0.010291242152927859
yehh,1,0.010291242152927859
guns,1,0.010291242152927859
ekcnkanciand,1,0.010291242152927859
rider,1,0.010291242152927859
ghadddd,1,0.010291242152927859
heartsnowflake,1,0.010291242152927859
past,1,0.010291242152927859
itd,1,0.010291242152927859
woooow,1,0.010291242152927859
toozayne,1,0.010291242152927859
improved,1,0.010291242152927859
theyve,1,0.010291242152927859
cinematics,1,0.010291242152927859
cinematography,1,0.010291242152927859
coat,1,0.010291242152927859
sugar,1,0.010291242152927859
badassi,1,0.010291242152927859
broken,1,0.010291242152927859
permanently,1,0.010291242152927859
goodbye,1,0.010291242152927859
huge,1,0.010291242152927859
yikes,1,0.010291242152927859
info,1,0.010291242152927859
flag,1,0.010291242152927859
importantly,1,0.010291242152927859
characterhandsomecoldsmug,1,0.010291242152927859
fiction,1,0.010291242152927859
flyhonestly,1,0.010291242152927859
worry,1,0.010291242152927859
sylust,1,0.010291242152927859
gamewoman,1,0.010291242152927859
dating,1,0.010291242152927859
continues,1,0.010291242152927859
daddyface,1,0.010291242152927859
control,1,0.010291242152927859
wears,1,0.010291242152927859
somone,1,0.010291242152927859
gored,1,0.010291242152927859
sylussssred,1,0.010291242152927859
hahahaha,1,0.010291242152927859
facesneezing,1,0.010291242152927859
thrillingsneezing,1,0.010291242152927859
awesomered,1,0.010291242152927859
menred,1,0.010291242152927859
dear,1,0.010291242152927859
indeed,1,0.010291242152927859
wantedthis,1,0.010291242152927859
007,1,0.010291242152927859
heartstarstruck,1,0.010291242152927859
marksmiling,1,0.010291242152927859
feminism,1,0.010291242152927859
concerning,1,0.010291242152927859
anything,1,0.010291242152927859
zayneeeeœâred,1,0.010291242152927859
nml,1,0.010291242152927859
gunnsmiling,1,0.010291242152927859
reread,1,0.010291242152927859
decision,1,0.010291242152927859
zayneeeeeeeeee,1,0.010291242152927859
whaler,1,0.010291242152927859
serious,1,0.010291242152927859
feast,1,0.010291242152927859
present,1,0.010291242152927859
stoked,1,0.010291242152927859
daddiesred,1,0.010291242152927859
heartfirered,1,0.010291242152927859
awsome,1,0.010291242152927859
plead,1,0.010291242152927859
askto,1,0.010291242152927859
spotifyred,1,0.010291242152927859
handtired,1,0.010291242152927859
sameee,1,0.010291242152927859
storeloudly,1,0.010291242152927859
yesssss,1,0.010291242152927859
pull,1,0.010291242152927859
convincing,1,0.010291242152927859
011,1,0.010291242152927859
irl,1,0.010291242152927859
filming,1,0.010291242152927859
wielding,1,0.010291242152927859
colonel,1,0.010291242152927859
heartrevolving,1,0.010291242152927859
arrowgrowing,1,0.010291242152927859
heartsbeating,1,0.010291242152927859
weakkkkk,1,0.010291242152927859
spy,1,0.010291242152927859
mastercrying,1,0.010291242152927859
pending,1,0.010291242152927859
dyinnngggg,1,0.010291242152927859
gagging,1,0.010291242152927859
frothing,1,0.010291242152927859
dawnbreak,1,0.010291242152927859
mainsred,1,0.010291242152927859
boom,1,0.010291242152927859
ured,1,0.010291242152927859
hubby,1,0.010291242152927859
ugh,1,0.010291242152927859
hollymolly,1,0.010291242152927859
explosive,1,0.010291242152927859
chasing,1,0.010291242152927859
hearteyesfire,1,0.010291242152927859
coooool,1,0.010291242152927859
ayo,1,0.010291242152927859
especially,1,0.010291242152927859
onychinus,1,0.010291242152927859
19th,1,0.010291242152927859
excites,1,0.010291242152927859
youbroken,1,0.010291242152927859
everywhere,1,0.010291242152927859
wjat,1,0.010291242152927859
wohooooo,1,0.010291242152927859
gurlssss,1,0.010291242152927859
storylets,1,0.010291242152927859
bye,1,0.010291242152927859
characters,1,0.010291242152927859
astounding,1,0.010291242152927859
tonefirefirefirefirefirelight,1,0.010291242152927859
isolationweary,1,0.010291242152927859
clouds,1,0.010291242152927859
provoooooking,1,0.010291242152927859
aproaching,1,0.010291242152927859
storm,1,0.010291242152927859
tan,1,0.010291242152927859
aaaaaaaaaaa,1,0.010291242152927859
shakalaka,1,0.010291242152927859
caceta,1,0.010291242152927859
karalho,1,0.010291242152927859
handsmiling,1,0.010291242152927859
defines,1,0.010291242152927859
memorycollisioncollision,1,0.010291242152927859
babies,1,0.010291242152927859
hearteyesok,1,0.010291242152927859
updated,1,0.010291242152927859
photobooth,1,0.010291242152927859
caf√©,1,0.010291242152927859
currency,1,0.010291242152927859
bought,1,0.010291242152927859
pleasered,1,0.010291242152927859
gacha,1,0.010291242152927859
limited,1,0.010291242152927859
syringe,1,0.010291242152927859
heavens,1,0.010291242152927859
heartfireworks,1,0.010291242152927859
starstrucksparkling,1,0.010291242152927859
ladies,1,0.010291242152927859
heartringringringringringring,1,0.010291242152927859
yeahhhh,1,0.010291242152927859
exists,1,0.010291242152927859
polyphony,1,0.010291242152927859
silvery,1,0.010291242152927859
cause,1,0.010291242152927859
tearsstarstruck,1,0.010291242152927859
firefirefirefirefire,1,0.010291242152927859
saving,1,0.010291242152927859
018,1,0.010291242152927859
regardless,1,0.010291242152927859
things,1,0.010291242152927859
upgraded,1,0.010291242152927859
ffffffuuuuucccckkkk,1,0.010291242152927859
speed,1,0.010291242152927859
infooooold,1,0.010291242152927859
medium,1,0.010291242152927859
biceps,1,0.010291242152927859
noseflexed,1,0.010291242152927859
steam,1,0.010291242152927859
thisface,1,0.010291242152927859
cheers,1,0.010291242152927859
freegrinning,1,0.010291242152927859
ohmaayyy,1,0.010291242152927859
storyparty,1,0.010291242152927859
breaker,1,0.010291242152927859
uyeee,1,0.010291242152927859
garments,1,0.010291242152927859
anying,1,0.010291242152927859
woelah,1,0.010291242152927859
rlly,1,0.010291242152927859
animationcutscenes,1,0.010291242152927859
show,1,0.010291242152927859
darkness,1,0.010291242152927859
hint,1,0.010291242152927859
mysteriousness,1,0.010291242152927859
ong,1,0.010291242152927859
breakerred,1,0.010291242152927859
nerdface,1,0.010291242152927859
gryph,1,0.010291242152927859
ikrr,1,0.010291242152927859
shines,1,0.010291242152927859
excitedstarstruckfeathersnowflakeheart,1,0.010291242152927859
zaynered,1,0.010291242152927859
meme,1,0.010291242152927859
pistol,1,0.010291242152927859
water,1,0.010291242152927859
gem,1,0.010291242152927859
stone,1,0.010291242152927859
mia,1,0.010291242152927859
loveeeeee,1,0.010291242152927859
bcuz,1,0.010291242152927859
fuzzy,1,0.010291242152927859
sogn,1,0.010291242152927859
sponsor,1,0.010291242152927859
aaaaaaaaa,1,0.010291242152927859
combo,1,0.010291242152927859
incredibly,1,0.010291242152927859
sharper,1,0.010291242152927859
art,1,0.010291242152927859
cliff,1,0.010291242152927859
fall,1,0.010291242152927859
needle,1,0.010291242152927859
antihorny,1,0.010291242152927859
omgomgomgomg,1,0.010291242152927859
heartslight,1,0.010291242152927859
monkeytwo,1,0.010291242152927859
drums,1,0.010291242152927859
semuaa,1,0.010291242152927859
seenoevil,1,0.010291242152927859
flushed,1,0.010291242152927859
yeyyss,1,0.010291242152927859
fuckkk,1,0.010291242152927859
youuuured,1,0.010291242152927859
goldenred,1,0.010291242152927859
ran,1,0.010291242152927859
todd,1,0.010291242152927859
jason,1,0.010291242152927859
verse,1,0.010291242152927859
rewards,1,0.010291242152927859
shhhhhh,1,0.010291242152927859
holyyyyyyy,1,0.010291242152927859
pqp,1,0.010291242152927859
gostoso,1,0.010291242152927859
muitoo,1,0.010291242152927859
properly,1,0.010291242152927859
goood,1,0.010291242152927859
jasmines,1,0.010291242152927859
fate,1,0.010291242152927859
gooooooooooooooo,1,0.010291242152927859
showing,1,0.010291242152927859
holyyyyy,1,0.010291242152927859
animation,1,0.010291242152927859
zaaayynnne,1,0.010291242152927859
tearspurple,1,0.010291242152927859
bestest,1,0.010291242152927859
reaction,1,0.010291242152927859
sameeeee,1,0.010291242152927859
beauties,1,0.010291242152927859
woke,1,0.010291242152927859
happen,1,0.010291242152927859
scare,1,0.010291242152927859
jump,1,0.010291242152927859
dog,1,0.010291242152927859
loud,1,0.010291242152927859
squealed,1,0.010291242152927859
alcnskncksnx,1,0.010291242152927859
giggle,1,0.010291242152927859
wowoowoww,1,0.010291242152927859
kisssmiling,1,0.010291242152927859
feather,1,0.010291242152927859
snowmanand,1,0.010291242152927859
snowman,1,0.010291242152927859
heartfirefirefirefirefirefire,1,0.010291242152927859
omggggggggggggred,1,0.010291242152927859
omoo,1,0.010291242152927859
heartfirefirefire,1,0.010291242152927859
loveeeeeeloudly,1,0.010291242152927859
slaying,1,0.010291242152927859
pookies,1,0.010291242152927859
aaaaaared,1,0.010291242152927859
storyyyy,1,0.010291242152927859
sameface,1,0.010291242152927859
sylusmc,1,0.010291242152927859
mmmmmm,1,0.010291242152927859
homered,1,0.010291242152927859
heloo,1,0.010291242152927859
blast,1,0.010291242152927859
muchbeaming,1,0.010291242152927859
worrying,1,0.010291242152927859
without,1,0.010291242152927859
broooo,1,0.010291242152927859
purring,1,0.010291242152927859
am√©n,1,0.010291242152927859
ahhhhhhhhhhhhh,1,0.010291242152927859
permanentmelting,1,0.010291242152927859
means,1,0.010291242152927859
yayayay,1,0.010291242152927859
amoooooooooooo,1,0.010291242152927859
aaahhhhhhh,1,0.010291242152927859
delivery,1,0.010291242152927859
tones,1,0.010291242152927859
individuallyunique,1,0.010291242152927859
based,1,0.010291242152927859
primarysingers,1,0.010291242152927859
certain,1,0.010291242152927859
fairly,1,0.010291242152927859
increase,1,0.010291242152927859
seems,1,0.010291242152927859
pulls,1,0.010291242152927859
lucky,1,0.010291242152927859
jeoh,1,0.010291242152927859
walletrolling,1,0.010291242152927859
yesyesyes,1,0.010291242152927859
heartweary,1,0.010291242152927859
girlieill,1,0.010291242152927859
